weibo_id,用户地址,昵称,性别,地域,粉丝数,微博数,关注数,div1,div2,div3,正文,转发数,评论数,点赞数,时间,来源,是否转发,原昵称,原文本,原转发数,原评论数,原点赞数,微博原html
M_FCp8SbTvT,https://weibo.cn/u/3892115560,遇见最最最美的你,男,北京,1200,25,180,遇见最最最美的你:我免费围观了 @黄章晋ster 的回答，问题价值 200.00 元，快来一起免费围观~ http://t.cn/RSPnAz8 ??赞[0]?转发[0]?评论[0]?收藏?01月01日 23:59?来自微博 weibo.com,,,我免费围观了 @黄章晋ster 的回答，问题价值 200.00 元，快来一起免费围观~ http://t.cn/RSPnAz8,0,0,0,01月01日 23:59,微博 weibo.com,0,,,,,,"<div class=""c"" id=""M_FCp8SbTvT""><div><a class=""nk"" href=""https://weibo.cn/u/3892115560"">遇见最最最美的你</a><span class=""ctt"">:我免费围观了 <a href=""/n/%E9%BB%84%E7%AB%A0%E6%99%8Bster"">@黄章晋ster</a> 的回答，问题价值 200.00 元，快来一起免费围观~ <a href=""https://weibo.cn/sinaurl?f=w&amp;u=http%3A%2F%2Ft.cn%2FRSPnAz8&amp;ep=FCp8SbTvT%2C3892115560%2CFCp8SbTvT%2C3892115560"">http://t.cn/RSPnAz8</a> ?</span>?<a href=""https://weibo.cn/attitude/FCp8SbTvT/add?uid=2630752273&amp;rl=1&amp;st=d9f6fd"">赞[0]</a>?<a href=""https://weibo.cn/repost/FCp8SbTvT?uid=3892115560&amp;rl=1"">转发[0]</a>?<a class=""cc"" href=""https://weibo.cn/comment/FCp8SbTvT?uid=3892115560&amp;rl=1#cmtfrm"">评论[0]</a>?<a href=""https://weibo.cn/fav/addFav/FCp8SbTvT?rl=1&amp;st=d9f6fd"">收藏</a><!-- -->?<span class=""ct"">01月01日 23:59?来自微博 weibo.com</span></div></div>"
M_FCp88bd6m,https://weibo.cn/u/2286141320,姐反转咋的,女,其他,18678,374,3287,姐反转咋的?转发了?jrry89?的微博:转基因公司正在利用基因编辑技术开发农作物试图规避监管，去年美国农业部批准了用CRISPR开发的蘑菇。近日《自然方法》发表研究证明基因编辑的小鼠出现成百上千的脱靶突变，这给基因编辑作物的安全性评估带来何种启示呢？发布了头条文章：《CRISPR诱发的突变---它们对食品安全意味着什么？》 @飞雪之灵 http://t.cn/RSTECM4?赞[26]?原文转发[721]?原文评论[325],转发理由:这种“攻击”是该多晒晒。[嘻嘻]//@多多d617: 晒！//@陈一文顾问 诚请@神农之后 @多多d617 哑巴了，还是成缩头乌龟了，怎么不敢评论：你们赞同《自然》杂志发表介绍“由DNA注入植物分蘖获得转基因作物”是“转基因技术”吗？@姐反转咋的 @情迷意恋 @jrry86 @家长与志愿者联络网 @盼君康??赞[2]?转发[5]?评论[1]?收藏?01月01日 23:57?来自微博 weibo.com,,这种“攻击”是该多晒晒。[嘻嘻]//@多多d617: 晒！//@陈一文顾问 诚请@神农之后 @多多d617 哑巴了，还是成缩头乌龟了，怎么不敢评论：你们赞同《自然》杂志发表介绍“由DNA注入植物分蘖获得转基因作物”是“转基因技术”吗？@姐反转咋的 @情迷意恋 @jrry86 @家长与志愿者联络网 @盼君康,2,5,1,01月01日 23:57,微博 weibo.com,1,jrry89,转基因公司正在利用基因编辑技术开发农作物试图规避监管，去年美国农业部批准了用CRISPR开发的蘑菇。近日《自然方法》发表研究证明基因编辑的小鼠出现成百上千的脱靶突变，这给基因编辑作物的安全性评估带来何种启示呢？发布了头条文章：《CRISPR诱发的突变---它们对食品安全意味着什么？》 @飞雪之灵 http://t.cn/RSTECM4?,721,325,26,"<div class=""c"" id=""M_FCp88bd6m""><div><a class=""nk"" href=""https://weibo.cn/u/2286141320"">姐反转咋的</a><span class=""cmt"">?转发了?<a href=""https://weibo.cn/u/2535079362"">jrry89</a>?的微博:</span><span class=""ctt""><span class=""kt"">转基因</span>公司正在利用基因编辑技术开发农作物试图规避监管，去年美国农业部批准了用CRISPR开发的蘑菇。近日《自然方法》发表研究证明基因编辑的小鼠出现成百上千的脱靶突变，这给基因编辑作物的安全性评估带来何种启示呢？发布了头条文章：《CRISPR诱发的突变---它们对食品安全意味着什么？》 <a href=""/n/%E9%A3%9E%E9%9B%AA%E4%B9%8B%E7%81%B5"">@飞雪之灵</a> <a href=""https://weibo.cn/sinaurl?f=w&amp;u=http%3A%2F%2Ft.cn%2FRSTECM4&amp;ep=FCp88bd6m%2C2286141320%2CF6ZP0qIS1%2C2535079362"">http://t.cn/RSTECM4</a></span>?<span class=""cmt"">赞[26]</span>?<span class=""cmt"">原文转发[721]</span>?<a class=""cc"" href=""https://weibo.cn/comment/F6ZP0qIS1?rl=1#cmtfrm"">原文评论[325]</a><!-- --></div><div><span class=""cmt"">转发理由:</span>这种“攻击”是该多晒晒。[嘻嘻]//<a href=""/n/%E5%A4%9A%E5%A4%9Ad617"">@多多d617</a>: 晒！//<a href=""/n/%E9%99%88%E4%B8%80%E6%96%87%E9%A1%BE%E9%97%AE"">@陈一文顾问</a> 诚请<a href=""/n/%E7%A5%9E%E5%86%9C%E4%B9%8B%E5%90%8E"">@神农之后</a> <a href=""/n/%E5%A4%9A%E5%A4%9Ad617"">@多多d617</a> 哑巴了，还是成缩头乌龟了，怎么不敢评论：你们赞同《自然》杂志发表介绍“由DNA注入植物分蘖获得<span class=""kt"">转基因</span>作物”是“<span class=""kt"">转基因</span>技术”吗？<a href=""/n/%E5%A7%90%E5%8F%8D%E8%BD%AC%E5%92%8B%E7%9A%84"">@姐反转咋的</a> <a href=""/n/%E6%83%85%E8%BF%B7%E6%84%8F%E6%81%8B"">@情迷意恋</a> <a href=""/n/jrry86"">@jrry86</a> <a href=""/n/%E5%AE%B6%E9%95%BF%E4%B8%8E%E5%BF%97%E6%84%BF%E8%80%85%E8%81%94%E7%BB%9C%E7%BD%91"">@家长与志愿者联络网</a> <a href=""/n/%E7%9B%BC%E5%90%9B%E5%BA%B7"">@盼君康</a>??<a href=""https://weibo.cn/attitude/FCp88bd6m/add?uid=2630752273&amp;rl=1&amp;st=d9f6fd"">赞[2]</a>?<a href=""https://weibo.cn/repost/FCp88bd6m?uid=2286141320&amp;rl=1"">转发[5]</a>?<a class=""cc"" href=""https://weibo.cn/comment/FCp88bd6m?uid=2286141320&amp;rl=1#cmtfrm"">评论[1]</a>?<a href=""https://weibo.cn/fav/addFav/FCp88bd6m?rl=1&amp;st=d9f6fd"">收藏</a><!-- -->?<span class=""ct"">01月01日 23:57?来自微博 weibo.com</span></div></div>"
M_FCp7Q7H9v,https://weibo.cn/u/2177833830,小行星语林,男,河北,17852,137,129,小行星语林:发表了博文《【转】科普贴：抗虫转基因作物有多毒？》科普贴：抗虫转基因作物有多毒？2018-01-0115:54:41来源：人民食物主权论坛作者：可持续脉搏　　我们知道，目前应用最广泛的转基因作物主要有【转】科普贴：抗虫转基因作物有多毒？ ??赞[0]?转发[0]?评论[0]?收藏?01月01日 23:56?来自新浪博客,,,发表了博文《【转】科普贴：抗虫转基因作物有多毒？》科普贴：抗虫转基因作物有多毒？2018-01-0115:54:41来源：人民食物主权论坛作者：可持续脉搏　　我们知道，目前应用最广泛的转基因作物主要有【转】科普贴：抗虫转基因作物有多毒？,0,0,0,01月01日 23:56,新浪博客,0,,,,,,"<div class=""c"" id=""M_FCp7Q7H9v""><div><a class=""nk"" href=""https://weibo.cn/u/2177833830"">小行星语林</a><span class=""ctt"">:发表了博文《【转】科普贴：抗虫<span class=""kt"">转基因</span>作物有多毒？》科普贴：抗虫<span class=""kt"">转基因</span>作物有多毒？2018-01-0115:54:41来源：人民食物主权论坛作者：可持续脉搏　　我们知道，目前应用最广泛的<span class=""kt"">转基因</span>作物主要有【转】科普贴：抗虫<span class=""kt"">转基因</span>作物有多毒？ ?</span>?<a href=""https://weibo.cn/attitude/FCp7Q7H9v/add?uid=2630752273&amp;rl=1&amp;st=d9f6fd"">赞[0]</a>?<a href=""https://weibo.cn/repost/FCp7Q7H9v?uid=2177833830&amp;rl=1"">转发[0]</a>?<a class=""cc"" href=""https://weibo.cn/comment/FCp7Q7H9v?uid=2177833830&amp;rl=1#cmtfrm"">评论[0]</a>?<a href=""https://weibo.cn/fav/addFav/FCp7Q7H9v?rl=1&amp;st=d9f6fd"">收藏</a><!-- -->?<span class=""ct"">01月01日 23:56?来自新浪博客</span></div></div>"
M_FCp5YgHkP,https://weibo.cn/u/2177833830,小行星语林,男,河北,17852,137,129,小行星语林:发表了一篇转载博文《[转载]作家静渊:血淋淋的死亡事件揭穿了转基因不用农药的弥天大谎》[转载]作家静渊:血淋淋的死亡事件揭穿了转基因不用农药的弥天大谎 ??赞[0]?转发[0]?评论[0]?收藏?01月01日 23:52?来自新浪博客,,,发表了一篇转载博文《[转载]作家静渊:血淋淋的死亡事件揭穿了转基因不用农药的弥天大谎》[转载]作家静渊:血淋淋的死亡事件揭穿了转基因不用农药的弥天大谎,0,0,0,01月01日 23:52,新浪博客,0,,,,,,"<div class=""c"" id=""M_FCp5YgHkP""><div><a class=""nk"" href=""https://weibo.cn/u/2177833830"">小行星语林</a><span class=""ctt"">:发表了一篇转载博文《[转载]作家静渊:血淋淋的死亡事件揭穿了<span class=""kt"">转基因</span>不用农药的弥天大谎》[转载]作家静渊:血淋淋的死亡事件揭穿了<span class=""kt"">转基因</span>不用农药的弥天大谎 ?</span>?<a href=""https://weibo.cn/attitude/FCp5YgHkP/add?uid=2630752273&amp;rl=1&amp;st=d9f6fd"">赞[0]</a>?<a href=""https://weibo.cn/repost/FCp5YgHkP?uid=2177833830&amp;rl=1"">转发[0]</a>?<a class=""cc"" href=""https://weibo.cn/comment/FCp5YgHkP?uid=2177833830&amp;rl=1#cmtfrm"">评论[0]</a>?<a href=""https://weibo.cn/fav/addFav/FCp5YgHkP?rl=1&amp;st=d9f6fd"">收藏</a><!-- -->?<span class=""ct"">01月01日 23:52?来自新浪博客</span></div></div>"
M_FCp5QfVls,https://weibo.cn/u/5545139597,秦岭山如画,男,澳门,8077,359,1151,秦岭山如画?转发了?情迷意恋?的微博:袁隆平眼中的转基因 情迷意恋的秒拍视频 ??赞[55]?原文转发[1337]?原文评论[638],转发理由:外国资本利益集团看家护院的打手，美国人正眼都不看它们一眼的[嘻嘻][握手]//@毛祖培Q:他们的手下，都是些什么人等？怎么看：好像是给美国人做广告？//@陈一文顾问:【至今依然盲目相信神坛上的袁隆平的人士，特别是为其“超级杂交水稻”与转基因育种结合竭力辩护的人士，都应当认真观看袁??赞[0]?转发[0]?评论[0]?收藏?01月01日 23:51?来自金立大金钢2 全面屏,,外国资本利益集团看家护院的打手，美国人正眼都不看它们一眼的[嘻嘻][握手]//@毛祖培Q:他们的手下，都是些什么人等？怎么看：好像是给美国人做广告？//@陈一文顾问:【至今依然盲目相信神坛上的袁隆平的人士，特别是为其“超级杂交水稻”与转基因育种结合竭力辩护的人士，都应当认真观看袁,0,0,0,01月01日 23:51,金立大金钢2 全面屏,1,情迷意恋,袁隆平眼中的转基因 情迷意恋的秒拍视频,1337,638,55,"<div class=""c"" id=""M_FCp5QfVls""><div><a class=""nk"" href=""https://weibo.cn/u/5545139597"">秦岭山如画</a><span class=""cmt"">?转发了?<a href=""https://weibo.cn/339662567"">情迷意恋</a><img alt=""V"" src=""https://h5.sinaimg.cn/upload/2016/05/26/319/5338.gif""/>?的微博:</span><span class=""ctt"">袁隆平眼中的<span class=""kt"">转基因</span> 情迷意恋的秒拍视频 ?</span>?<span class=""cmt"">赞[55]</span>?<span class=""cmt"">原文转发[1337]</span>?<a class=""cc"" href=""https://weibo.cn/comment/FyzNe98JX?rl=1#cmtfrm"">原文评论[638]</a><!-- --></div><div><span class=""cmt"">转发理由:</span>外国资本利益集团看家护院的打手，美国人正眼都不看它们一眼的[嘻嘻][握手]//<a href=""/n/%E6%AF%9B%E7%A5%96%E5%9F%B9Q"">@毛祖培Q</a>:他们的手下，都是些什么人等？怎么看：好像是给美国人做广告？//<a href=""/n/%E9%99%88%E4%B8%80%E6%96%87%E9%A1%BE%E9%97%AE"">@陈一文顾问</a>:【至今依然盲目相信神坛上的袁隆平的人士，特别是为其“超级杂交水稻”与<span class=""kt"">转基因</span>育种结合竭力辩护的人士，都应当认真观看袁??<a href=""https://weibo.cn/attitude/FCp5QfVls/add?uid=2630752273&amp;rl=1&amp;st=d9f6fd"">赞[0]</a>?<a href=""https://weibo.cn/repost/FCp5QfVls?uid=5545139597&amp;rl=1"">转发[0]</a>?<a class=""cc"" href=""https://weibo.cn/comment/FCp5QfVls?uid=5545139597&amp;rl=1#cmtfrm"">评论[0]</a>?<a href=""https://weibo.cn/fav/addFav/FCp5QfVls?rl=1&amp;st=d9f6fd"">收藏</a><!-- -->?<span class=""ct"">01月01日 23:51?来自金立大金钢2 全面屏</span></div></div>"
M_FCp343dCJ,https://weibo.cn/u/2177833830,小行星语林,男,河北,17852,137,129,小行星语林:陈增煜：致《中国青年报》社有关人员 转基因根本没有问题吗 - 网友杂谈 - 红歌会网 http://t.cn/RHOmqDI ??赞[0]?转发[1]?评论[0]?收藏?01月01日 23:45?来自百度分享,,,陈增煜：致《中国青年报》社有关人员 转基因根本没有问题吗 - 网友杂谈 - 红歌会网 http://t.cn/RHOmqDI,0,1,0,01月01日 23:45,百度分享,0,,,,,,"<div class=""c"" id=""M_FCp343dCJ""><div><a class=""nk"" href=""https://weibo.cn/u/2177833830"">小行星语林</a><span class=""ctt"">:陈增煜：致《中国青年报》社有关人员 <span class=""kt"">转基因</span>根本没有问题吗 - 网友杂谈 - 红歌会网 <a href=""https://weibo.cn/sinaurl?f=w&amp;u=http%3A%2F%2Ft.cn%2FRHOmqDI&amp;ep=FCp343dCJ%2C2177833830%2CFCp343dCJ%2C2177833830"">http://t.cn/RHOmqDI</a> ?</span>?<a href=""https://weibo.cn/attitude/FCp343dCJ/add?uid=2630752273&amp;rl=1&amp;st=d9f6fd"">赞[0]</a>?<a href=""https://weibo.cn/repost/FCp343dCJ?uid=2177833830&amp;rl=1"">转发[1]</a>?<a class=""cc"" href=""https://weibo.cn/comment/FCp343dCJ?uid=2177833830&amp;rl=1#cmtfrm"">评论[0]</a>?<a href=""https://weibo.cn/fav/addFav/FCp343dCJ?rl=1&amp;st=d9f6fd"">收藏</a><!-- -->?<span class=""ct"">01月01日 23:45?来自百度分享</span></div></div>"
M_FCp1TBQhb,https://weibo.cn/flust,五界之中,男,内蒙古,810,440,347,五界之中:我免费围观了 @松鼠云无心 的回答，问题价值 99.00 元，快来一起免费围观~ <br />微博问答:一些支持转基因食品和反对转基因食品的言论看起来都很有道理，无法反驳，自己有时候根本无法分辨到底谁对谁错怎么办？ ??赞[0]?转发[0]?评论[0]?收藏?01月01日 23:42?来自微博 weibo.com,,,我免费围观了 @松鼠云无心 的回答，问题价值 99.00 元，快来一起免费围观~ <br />微博问答:一些支持转基因食品和反对转基因食品的言论看起来都很有道理，无法反驳，自己有时候根本无法分辨到底谁对谁错怎么办？,0,0,0,01月01日 23:42,微博 weibo.com,0,,,,,,"<div class=""c"" id=""M_FCp1TBQhb""><div><a class=""nk"" href=""https://weibo.cn/flust"">五界之中</a><img alt=""达人"" src=""https://h5.sinaimg.cn/upload/2016/05/26/319/5547.gif""/><span class=""ctt"">:我免费围观了 <a href=""/n/%E6%9D%BE%E9%BC%A0%E4%BA%91%E6%97%A0%E5%BF%83"">@松鼠云无心</a> 的回答，问题价值 99.00 元，快来一起免费围观~ &lt;br /&gt;微博问答:一些支持<span class=""kt"">转基因</span>食品和反对<span class=""kt"">转基因</span>食品的言论看起来都很有道理，无法反驳，自己有时候根本无法分辨到底谁对谁错怎么办？ ?</span>?<a href=""https://weibo.cn/attitude/FCp1TBQhb/add?uid=2630752273&amp;rl=1&amp;st=d9f6fd"">赞[0]</a>?<a href=""https://weibo.cn/repost/FCp1TBQhb?uid=1085973061&amp;rl=1"">转发[0]</a>?<a class=""cc"" href=""https://weibo.cn/comment/FCp1TBQhb?uid=1085973061&amp;rl=1#cmtfrm"">评论[0]</a>?<a href=""https://weibo.cn/fav/addFav/FCp1TBQhb?rl=1&amp;st=d9f6fd"">收藏</a><!-- -->?<span class=""ct"">01月01日 23:42?来自微博 weibo.com</span></div></div>"
M_FCoWd6XfQ,https://weibo.cn/u/2753568401,删不掉的沉醉0,男,贵州,2233,681,266,删不掉的沉醉0:”、猫胡疑的回头望了望老虎:“咋有这么强壮的猫。转基因的吧 ??赞[0]?转发[0]?评论[0]?收藏?01月01日 23:28?来自iPhone客户端,,,”、猫胡疑的回头望了望老虎:“咋有这么强壮的猫。转基因的吧,0,0,0,01月01日 23:28,iPhone客户端,0,,,,,,"<div class=""c"" id=""M_FCoWd6XfQ""><div><a class=""nk"" href=""https://weibo.cn/u/2753568401"">删不掉的沉醉0</a><span class=""ctt"">:”、猫胡疑的回头望了望老虎:“咋有这么强壮的猫。<span class=""kt"">转基因</span>的吧 ?</span>?<a href=""https://weibo.cn/attitude/FCoWd6XfQ/add?uid=2630752273&amp;rl=1&amp;st=d9f6fd"">赞[0]</a>?<a href=""https://weibo.cn/repost/FCoWd6XfQ?uid=2753568401&amp;rl=1"">转发[0]</a>?<a class=""cc"" href=""https://weibo.cn/comment/FCoWd6XfQ?uid=2753568401&amp;rl=1#cmtfrm"">评论[0]</a>?<a href=""https://weibo.cn/fav/addFav/FCoWd6XfQ?rl=1&amp;st=d9f6fd"">收藏</a><!-- -->?<span class=""ct"">01月01日 23:28?来自<a href=""https://weibo.cn/sinaurl?f=w&amp;u=http%3A%2F%2Fdown.sina.cn%2Fsinaclient%2Fweibo%2Findex%2Fgsid%2F0%2Fmid%2F0"">iPhone客户端</a></span></div></div>"
M_FCoVdEah5,https://weibo.cn/u/5545139597,秦岭山如画,男,澳门,8077,359,1151,秦岭山如画?转发了?情迷意恋?的微博:袁隆平眼中的转基因 情迷意恋的秒拍视频 ??赞[55]?原文转发[1337]?原文评论[638],转发理由:都是些为利益不惜用13亿人当小白鼠搞试验的牺牲品。//@毛祖培Q:他们的手下，都是些什么人等？//@陈一文顾问:【至今依然盲目相信神坛上的袁隆平的人士，特别是为其“超级杂交水稻”与转基因育种结合竭力辩护的人士，都应当认真观看袁隆平在央视镜头面前坦率承认他眼中的转基因！】??赞[0]?转发[0]?评论[0]?收藏?01月01日 23:25?来自金立大金钢2 全面屏,,都是些为利益不惜用13亿人当小白鼠搞试验的牺牲品。//@毛祖培Q:他们的手下，都是些什么人等？//@陈一文顾问:【至今依然盲目相信神坛上的袁隆平的人士，特别是为其“超级杂交水稻”与转基因育种结合竭力辩护的人士，都应当认真观看袁隆平在央视镜头面前坦率承认他眼中的转基因！】,0,0,0,01月01日 23:25,金立大金钢2 全面屏,1,情迷意恋,袁隆平眼中的转基因 情迷意恋的秒拍视频,1337,638,55,"<div class=""c"" id=""M_FCoVdEah5""><div><a class=""nk"" href=""https://weibo.cn/u/5545139597"">秦岭山如画</a><span class=""cmt"">?转发了?<a href=""https://weibo.cn/339662567"">情迷意恋</a><img alt=""V"" src=""https://h5.sinaimg.cn/upload/2016/05/26/319/5338.gif""/>?的微博:</span><span class=""ctt"">袁隆平眼中的<span class=""kt"">转基因</span> 情迷意恋的秒拍视频 ?</span>?<span class=""cmt"">赞[55]</span>?<span class=""cmt"">原文转发[1337]</span>?<a class=""cc"" href=""https://weibo.cn/comment/FyzNe98JX?rl=1#cmtfrm"">原文评论[638]</a><!-- --></div><div><span class=""cmt"">转发理由:</span>都是些为利益不惜用13亿人当小白鼠搞试验的牺牲品。//<a href=""/n/%E6%AF%9B%E7%A5%96%E5%9F%B9Q"">@毛祖培Q</a>:他们的手下，都是些什么人等？//<a href=""/n/%E9%99%88%E4%B8%80%E6%96%87%E9%A1%BE%E9%97%AE"">@陈一文顾问</a>:【至今依然盲目相信神坛上的袁隆平的人士，特别是为其“超级杂交水稻”与<span class=""kt"">转基因</span>育种结合竭力辩护的人士，都应当认真观看袁隆平在央视镜头面前坦率承认他眼中的<span class=""kt"">转基因</span>！】??<a href=""https://weibo.cn/attitude/FCoVdEah5/add?uid=2630752273&amp;rl=1&amp;st=d9f6fd"">赞[0]</a>?<a href=""https://weibo.cn/repost/FCoVdEah5?uid=5545139597&amp;rl=1"">转发[0]</a>?<a class=""cc"" href=""https://weibo.cn/comment/FCoVdEah5?uid=5545139597&amp;rl=1#cmtfrm"">评论[0]</a>?<a href=""https://weibo.cn/fav/addFav/FCoVdEah5?rl=1&amp;st=d9f6fd"">收藏</a><!-- -->?<span class=""ct"">01月01日 23:25?来自金立大金钢2 全面屏</span></div></div>"
M_FCoUY22MB,https://weibo.cn/u/3108402597,Q陈秀,男,新疆,2979,734,261,Q陈秀:转基因的吧：猫胡疑的回头望了望老虎:“咋有这么强壮的猫：”；?可能我只是你生命里的一个过客…… ??赞[0]?转发[0]?评论[0]?收藏?01月01日 23:25?来自iPhone客户端,,,转基因的吧：猫胡疑的回头望了望老虎:“咋有这么强壮的猫：”；?可能我只是你生命里的一个过客…… ?,0,0,0,01月01日 23:25,iPhone客户端,0,,,,,,"<div class=""c"" id=""M_FCoUY22MB""><div><a class=""nk"" href=""https://weibo.cn/u/3108402597"">Q陈秀</a><span class=""ctt"">:<span class=""kt"">转基因</span>的吧：猫胡疑的回头望了望老虎:“咋有这么强壮的猫：”；?可能我只是你生命里的一个过客…… ?</span>?<a href=""https://weibo.cn/attitude/FCoUY22MB/add?uid=2630752273&amp;rl=1&amp;st=d9f6fd"">赞[0]</a>?<a href=""https://weibo.cn/repost/FCoUY22MB?uid=3108402597&amp;rl=1"">转发[0]</a>?<a class=""cc"" href=""https://weibo.cn/comment/FCoUY22MB?uid=3108402597&amp;rl=1#cmtfrm"">评论[0]</a>?<a href=""https://weibo.cn/fav/addFav/FCoUY22MB?rl=1&amp;st=d9f6fd"">收藏</a><!-- -->?<span class=""ct"">01月01日 23:25?来自<a href=""https://weibo.cn/sinaurl?f=w&amp;u=http%3A%2F%2Fdown.sina.cn%2Fsinaclient%2Fweibo%2Findex%2Fgsid%2F0%2Fmid%2F0"">iPhone客户端</a></span></div></div>"
